{"cameraMode":{"drawMode":0,"name":"Shaded","section":"Shading Mode"},"sceneLighting":false,"audioPlay":false,"sceneViewState":{"showFog":true,"showMaterialUpdate":true,"showSkybox":true,"showFlares":true,"showImageEffects":true,"showParticleSystems":true},"in2DMode":false,"pivot":{"x":54.052162170410159,"y":167.5592498779297,"z":-119.61785888671875},"rotation":{"x":-0.20133736729621888,"y":0.028497133404016496,"z":-0.0058599719777703289,"w":-0.9790915250778198},"size":350.8407897949219,"orthographic":false}